{
	"name":"超级加速器",
	"type":"OverdriveProjector",
	"description":"范围大,加速大",
	"color":"4876FF",
	"phase":"48D1CC",
	"health":10000,
	"size":2,
	"range":180,
	"reload":60,
	"speedBoost":5,
	"speedBoostPhase":20,
	"useTime":600,
	"phaseRangeBoost":220,
	"hasItems":true,
	"hasPower":true,
	"hasLiquids":false,
	"itemCapacity":100,
	"consumes": {
		"power":0.1,
        "items":{
			"items":[
				{"item":"copper","amount":1}
			],
			"booster":true,
			"optional":true
		}
	},
	"requirements":[],
	"research": "hx",
	"category":"effect"
}