{
    "name": "时空扩张加速器",
    "type": "OverdriveProjector",
    "description": "范围小，加速的速度巨大",
    "color": "4876FF",
    "health": 25000,
    "size": 2,
    "range": 30,
    "reload": 60,
	"hasItems":false,
	"hasPower":true,
	"hasLiquids":false,
	"speedBoostPhase":1500,
	"speedBoost": 150,
	"phaseRangeBoost":30,
	"useTime":300,
	"itemCapacity":100,
	"consumes":{
		"power":0.1,
		"items":{
			"items":[
				{"item":"copper","amount":1}
			],
			"booster":true,
			"optional":true
		}
	}
    "requirements": [],
    "research": "cs",
    "category": "effect"
}