{
	"type":"ForceProjector",
	"name":"电磁震荡盾",
	"description":"来自核威慑的高级护盾",
	"health":1000,
	"size":1,
	"radius":150,
	"breakage":100,
	"phaseUseTime":120,
	"phaseRadiusBoost":100,
	"cooldownNormal":99.9,
	"cooldownLiquid":10.0,
	"cooldownBrokenBase":3.5,
	"basePowerDraw":0.1,
	"consumes":{
		"power":0.1,
		"items":{
			"items":[
				{"item":"copper","amount":1}
			],
			"booster":true,
			"optional":true
		}
	}
	"requirements":[],
	"itemCapacity":100,
	"research": "hx",
	"category": "effect"
}