{
	"type":"ItemTurret",
	"name":"狙击塔",
	"description":"单挑无敌[加液体才有灵魂]",
	"size":3,
	"health":5555,
	"range":1000,
	"rotateSpeed":999,
	"requirements":[],
	"category":"turret",
	"research": "hx",
	"reloadTime":240,
	"restitution":1,
	"ammoUseEffect":"casing3Double",
	"recoilAmount":25,
	"cooldown":180,
	"shootShake":8,
	"shots":1,
	"shootCone":4,
	"shootSound":"shootBig",
	"ammoTypes":{
	    "xvx":{
        	"type":"PointBulletType",
            "shootEffect":"instShoot",
        	"hitEffect":"instHit",
        	"smokeEffect":"smokeCloud",
        	"trailEffect":"instTrail",
        	"despawnEffect":"instBomb",
        	"trailSpacing":20,
         	"damage":999999,
        	"tileDamageMultiplier":1.5,
         	"speed":1000,
			"lifetime":1,
        	"hitShake":10,
        	"ammoMultiplier":1,
        	"splashDamage":99999,
        	"splashDamageRadius":80,
        	"lightningDamage":99999,
        	"lightning":10,
        	"lightningLength":180,
        	"status":"burning",
        	"statusDuration":600,
        	"knockback":11.1,
        	"drag":0.11,
        	"puddleSize":11,
        	"homingPower":199,
        	"homingRange":0,
        	"fragBullets":30,
        	"fragBullet":{
        	"type":"PointBulletType",
            "shootEffect":"instShoot",
        	"hitEffect":"instHit",
        	"smokeEffect":"smokeCloud",
        	"trailEffect":"instTrail",
        	"despawnEffect":"instBomb",
        	"trailSpacing":20,
         	"damage":9999,
			"splashDamage":999,
        	"splashDamageRadius":80,
        	"lightningDamage":999,
        	"lightning":5,
        	"lightningLength":100,
        	"tileDamageMultiplier":1.5,
         	"speed":500,
			"lifetime":1
	        }
	    }
	},
	"coolantMultiplier":250
}