{
	"name":"超级修复投影仪",
	"description":"超级版",
	"type":"MendProjector",
	"health":5000,
	"size":2,
	"range":220,
	"reload":300,
	"color":"008B00",
	"phase":"00EE00",
	"healPercent":80,
	"phaseBoost":120,
	"phaseRangeBoost":45,
	"useTime":300,
	"hasItems":true,
	"hasPower":true,
	"hasLiquids":false,
	"itemCapacity":100,
	"consumes":{
		"power":0.1,
		"items":{
			"items":[
				{"item":"copper","amount":1}
			],
			"booster":true,
			"optional":true
		}
	}
	"requirements": [],
	"research": "hx",
	"category": "effect"
}