{
	"type":"MassDriver",
	"name":"增强质量驱动",
	"description":"增强版质驱",
	"size":3,
	"health":3500,
	"hasPower":true,
	"hasLiquids":false,
	"hasItems":true,
	"itemCapacity":500,
	"range":9999,
	"reloadTime":60,
	"rotateSpeed":0.2,
	"shake":2,
	"minDistribute":10,
	"knockback":3,
	"shootEffect":"shootBig2",
	"smokeEffect":"shootBigSmoke2",
	"recieveEffect":"mineBig",
	"bulletSpeed":6.5,
	"bulletLifetime":6000,
	"consumes":{
		"power":0.1,
	},
	"requirements":[],
	"category":"distribution",
	"research": "hx"
}